Datetime,Tweet Id,UserID,Coordinates,Place,Tweet Retweet Count,Tweet Reply Count,Tweet LikeCount,Text,Username
2018-09-18 17:35:40+00:00,1042104883569156097,https://twitter.com/ItsTinyyBihh,,,0,0,2,@ChocolateRae1 About to add you,ItsTinyyBihh
2018-09-18 14:20:05+00:00,1042055665227837440,https://twitter.com/ItsTinyyBihh,,,0,1,0,@mangoblacksoul Hope you enjoy your day today ğŸ˜ŒğŸ¤ğŸ½,ItsTinyyBihh
2018-09-18 14:19:47+00:00,1042055589856198656,https://twitter.com/ItsTinyyBihh,,,0,1,1,@ChocolateRae1 Hope you have a wonderful dayğŸ’•ğŸ˜‹,ItsTinyyBihh
2018-09-18 13:45:24+00:00,1042046936143077377,https://twitter.com/ItsTinyyBihh,,,0,3,4,Morning LoveğŸ’•â¤ï¸ğŸ¤— #DontBeRude,ItsTinyyBihh
2018-09-13 22:22:53+00:00,1040365224937832448,https://twitter.com/ItsTinyyBihh,,,0,0,5,Who trying to text ğŸ˜Œ,ItsTinyyBihh
2018-09-10 18:47:55+00:00,1039223963245834246,https://twitter.com/ItsTinyyBihh,,,0,0,2,Ugh Iâ€™m sick asf and think Zaddy getting sick tooğŸ˜ª,ItsTinyyBihh
2018-09-09 23:13:49+00:00,1038928493403353090,https://twitter.com/ItsTinyyBihh,,,0,0,2,My stomach hurt ğŸ˜©ğŸ˜©ğŸ˜©,ItsTinyyBihh
2018-09-09 23:12:33+00:00,1038928175273791488,https://twitter.com/ItsTinyyBihh,,,0,0,2,I donâ€™t feel good i wish my gf didnâ€™t have to work today ğŸ˜£ğŸ˜£ğŸ˜©ğŸ˜©,ItsTinyyBihh
2018-09-09 21:53:24+00:00,1038908252963188737,https://twitter.com/ItsTinyyBihh,,,0,0,1,Add me on PS4 TINYnNIYA,ItsTinyyBihh
2018-09-09 21:46:21+00:00,1038906480043479040,https://twitter.com/ItsTinyyBihh,,,0,0,4,Like this for a #FollowBack,ItsTinyyBihh
2018-09-09 21:37:08+00:00,1038904162350718984,https://twitter.com/ItsTinyyBihh,,,0,0,0,Just Incase anyone cared my Cash App is $TinyLipsticks,ItsTinyyBihh
2018-09-09 21:36:03+00:00,1038903889586737153,https://twitter.com/ItsTinyyBihh,,,0,0,0,Iâ€™m Hiring for Bitch Boys serious inquires ğŸ˜ŠğŸ™‚,ItsTinyyBihh
2018-09-09 21:34:31+00:00,1038903500611182592,https://twitter.com/ItsTinyyBihh,,,0,0,0,"Iâ€™m tired of see stuff about Nicki, Cardi, and That Miller person ğŸ™„ğŸ™„ğŸ™„",ItsTinyyBihh
2018-09-09 21:32:22+00:00,1038902959860535302,https://twitter.com/ItsTinyyBihh,,,1,0,0,I miss my gfğŸ¤¦ğŸ½â€â™€ï¸ğŸ˜£ğŸ’•ğŸ’— and some head ğŸ˜‚ğŸ˜‚,ItsTinyyBihh
2018-09-09 21:25:14+00:00,1038901166699175937,https://twitter.com/ItsTinyyBihh,,,0,0,5,Work FlowğŸ’—â€¼ï¸ https://t.co/5M34rm8DLK,ItsTinyyBihh
2018-09-09 21:13:08+00:00,1038898119600168965,https://twitter.com/ItsTinyyBihh,,,1,0,4,Who trying to be my texting buddy ğŸ¤”,ItsTinyyBihh
2018-09-09 21:09:20+00:00,1038897166780194816,https://twitter.com/ItsTinyyBihh,,,0,0,0,Hello yâ€™all are bald ğŸ™‚ğŸ˜ŠğŸ˜‹,ItsTinyyBihh
2018-09-07 22:34:47+00:00,1038193893790154752,https://twitter.com/ItsTinyyBihh,,,0,2,5,25+ LGBT ğŸ³ï¸â€ğŸŒˆ Group Chat... Who Want To Join???,ItsTinyyBihh
2018-09-07 22:32:47+00:00,1038193391564193792,https://twitter.com/ItsTinyyBihh,,,0,0,1,ğŸ’•ğŸ’—ğŸ˜â€¼ï¸ https://t.co/iRuw5QZ3kf,ItsTinyyBihh
2018-09-04 14:09:58+00:00,1036979687598292992,https://twitter.com/ItsTinyyBihh,,,1,0,20,When bae fine asfğŸ¤ğŸ½ğŸ’•â¤ï¸ğŸ˜ https://t.co/I8W383CkRc,ItsTinyyBihh
2018-08-28 19:03:44+00:00,1034516900024393728,https://twitter.com/ItsTinyyBihh,,,0,0,0,@AjtheGr00821216 Done boo,ItsTinyyBihh
2018-08-25 19:55:43+00:00,1033442820726710273,https://twitter.com/ItsTinyyBihh,,,0,0,2,When people mad cause you happily with someone and their miserable ass canâ€™t find nobody to even like them more then a month #GoodLuckSus https://t.co/pw2p3QuMaD,ItsTinyyBihh
2018-08-25 19:52:15+00:00,1033441948818923521,https://twitter.com/ItsTinyyBihh,,,0,1,0,I need a good movie to watchğŸ¤” #AnySuggestions,ItsTinyyBihh
2018-08-25 19:50:43+00:00,1033441563207258112,https://twitter.com/ItsTinyyBihh,,,0,0,1,WHO WANT TO JOIN 21+ LGBT ğŸ³ï¸â€ğŸŒˆ GROUP CHATğŸ¤”â€¼ï¸ NEED SOME SEXY PEOPLEğŸ˜ğŸ˜ #LGBT #GroupChat #TelegramApp #Lesbians #Bisexuals #Gay #GayAsf #Transmen #Studs #Fems #Stems #Nolabels,ItsTinyyBihh
2018-08-23 18:51:28+00:00,1032701876414889985,https://twitter.com/ItsTinyyBihh,,,0,0,0,Where are the Dallas #TattooArtist ğŸ˜©,ItsTinyyBihh
2018-08-23 18:50:38+00:00,1032701666586488834,https://twitter.com/ItsTinyyBihh,,,0,1,2,Who needs a #followback ğŸ’—,ItsTinyyBihh
2018-08-20 19:46:13+00:00,1031628489609433088,https://twitter.com/ItsTinyyBihh,,,0,0,6,"Sooo Dallas Pride #RT If You Going â¤ï¸ğŸ’‹ğŸ³ï¸â€ğŸŒˆ
#DallasLGBT #DallasPride #LGBT #Lesbians #Gay #Bisexual #transgender #Transmen #Transwomen #studs #Fems #Nolabel #Stems #GayMen #girlswholikegirls #boyswholikeboys #gayboys #pansexuals #nonbinary",ItsTinyyBihh
2018-08-19 18:31:32+00:00,1031247309051453440,https://twitter.com/ItsTinyyBihh,,,1,1,1,They could of simply beat his ass ğŸ¤¦ğŸ½â€â™€ï¸ https://t.co/fLPWrbhod6,ItsTinyyBihh
2018-08-17 02:46:49+00:00,1030284785384611840,https://twitter.com/ItsTinyyBihh,,,1,1,10,Itâ€™s on telegram 21+ğŸ¤ğŸ½ğŸ’‹ DM me ğŸ˜˜ https://t.co/dsq22IaZf3,ItsTinyyBihh
2018-08-16 19:48:42+00:00,1030179562225844224,https://twitter.com/ItsTinyyBihh,,,0,0,1,Who going to Dallas Pride ğŸ³ï¸â€ğŸŒˆğŸ³ï¸â€ğŸŒˆ #DallasPride #lgbtpride,ItsTinyyBihh
2018-08-16 17:40:23+00:00,1030147273748082690,https://twitter.com/ItsTinyyBihh,,,0,1,1,@BadAssSuperman Go follow @lesbitrans_playhouse_ on IG,ItsTinyyBihh
2018-08-16 17:38:29+00:00,1030146795022811136,https://twitter.com/ItsTinyyBihh,,,0,1,1,@BadAssSuperman You want too ?,ItsTinyyBihh
2018-08-16 17:37:56+00:00,1030146656992481280,https://twitter.com/ItsTinyyBihh,,,0,0,0,@BadAssSuperman Hey boo,ItsTinyyBihh
2018-08-15 19:49:51+00:00,1029817467315675141,https://twitter.com/ItsTinyyBihh,,,0,0,0,Who trying to help me get to 5kâ¤ï¸ğŸ³ï¸â€ğŸŒˆ,ItsTinyyBihh
2018-08-15 13:34:56+00:00,1029723116489125888,https://twitter.com/ItsTinyyBihh,,,0,2,7,Who wants to be an admin on a IG lgbt Page ?ğŸ³ï¸â€ğŸŒˆ,ItsTinyyBihh
2018-08-15 13:34:12+00:00,1029722928500355072,https://twitter.com/ItsTinyyBihh,,,0,0,1,Good Morning ğŸ’—ğŸ’•â€¼ï¸,ItsTinyyBihh
2018-08-15 13:21:21+00:00,1029719698026442753,https://twitter.com/ItsTinyyBihh,,,0,0,0,@_ScorpionKinggg Use to have a certain type but now i just got by vibes,ItsTinyyBihh
2018-08-14 01:40:47+00:00,1029181006442635264,https://twitter.com/ItsTinyyBihh,,,2,0,3,When you crazy but one person still will stick by you ğŸ¤—â¤ï¸ https://t.co/NCVR78cZZI,ItsTinyyBihh
2018-08-10 17:51:41+00:00,1027975787373314049,https://twitter.com/ItsTinyyBihh,,,0,0,0,I need FriendsğŸ˜­ğŸ™„Who is DTXğŸ¤”ğŸ¤— #DallasLGBT #DTX #DallasTexas #LGBT #TexasLGBT,ItsTinyyBihh
2018-08-10 17:47:16+00:00,1027974678319648768,https://twitter.com/ItsTinyyBihh,,,0,1,0,Who havenâ€™t i followed back ğŸ¤”ğŸ¤”??,ItsTinyyBihh
2018-08-10 17:46:15+00:00,1027974421410205696,https://twitter.com/ItsTinyyBihh,,,0,0,4,#LGBT Group ChatğŸ˜ŠğŸ’• Itâ€™s Lit â€¼ï¸ğŸ˜ Who Want To JoinğŸ˜ 21+ Only ğŸ˜,ItsTinyyBihh
2018-08-10 16:05:08+00:00,1027948974475493376,https://twitter.com/ItsTinyyBihh,,,0,0,1,6 morning is the time Iâ€™m must hornyğŸ’¦ https://t.co/mORvecNodm,ItsTinyyBihh
2018-08-03 15:30:24+00:00,1025403517903798272,https://twitter.com/ItsTinyyBihh,,,0,0,1,@NicoleElise15 Dm so i can send you a lin,ItsTinyyBihh
2018-08-01 04:01:10+00:00,1024505292854374400,https://twitter.com/ItsTinyyBihh,,,0,0,1,Who wants to join a #LGBT group chat on #telegram ğŸ’¯ğŸ˜˜â¤ï¸,ItsTinyyBihh
2018-07-23 16:00:39+00:00,1021424865973334017,https://twitter.com/ItsTinyyBihh,,,2,0,2,This dude with in this tentğŸ˜©ğŸ˜©ğŸ˜‚ğŸ˜‚ğŸ˜‚ğŸ’€ğŸ’€ğŸ’€ https://t.co/2Zr7BdwFe6,ItsTinyyBihh
2018-07-23 15:56:25+00:00,1021423800624320518,https://twitter.com/ItsTinyyBihh,,,0,0,0,Good morning Beautiful People ğŸ¤—ğŸ‡µğŸ‡·ğŸ’•â¤ï¸â€¼ï¸,ItsTinyyBihh
2018-07-23 15:55:53+00:00,1021423663944478720,https://twitter.com/ItsTinyyBihh,,,0,0,0,Yay almost to 4K ğŸ’•â¤ï¸ğŸ¤—,ItsTinyyBihh
2018-07-21 19:31:19+00:00,1020753103593922560,https://twitter.com/ItsTinyyBihh,,,0,0,1,Cleaning and music ğŸ’•,ItsTinyyBihh
2018-07-21 18:08:16+00:00,1020732203196657667,https://twitter.com/ItsTinyyBihh,,,0,0,2,When you wake up annoyed ğŸ˜‘,ItsTinyyBihh
2018-07-13 00:44:34+00:00,1017570445690920960,https://twitter.com/ItsTinyyBihh,,,0,2,3,Ok so why no #LGBT live in Dallas ğŸ˜£ğŸ˜£i need a #Gayboy bff and #studbff,ItsTinyyBihh
2018-07-13 00:39:50+00:00,1017569255431254016,https://twitter.com/ItsTinyyBihh,,,0,0,1,Thatâ€™s on me baby ğŸ˜©ğŸ˜â€¼ï¸,ItsTinyyBihh
2018-07-12 18:25:48+00:00,1017475127871762432,https://twitter.com/ItsTinyyBihh,,,1,3,13,Who want to join a lit gay chat ğŸŒˆğŸŒˆ #Telegramapp MUST BE 21+ Like This To Join #lgbt,ItsTinyyBihh
2018-07-12 15:03:07+00:00,1017424117878968320,https://twitter.com/ItsTinyyBihh,,,0,0,1,@swaggirl_jewell  https://t.co/afZTrTJyaB,ItsTinyyBihh
2018-07-11 20:27:23+00:00,1017143335847374849,https://twitter.com/ItsTinyyBihh,,,0,1,3,I want a #studbestfriend ğŸ³ï¸â€ğŸŒˆâ€¼ï¸ ğŸ˜©ğŸ˜© any takers (no babies),ItsTinyyBihh
2018-07-11 17:22:34+00:00,1017096824258260993,https://twitter.com/ItsTinyyBihh,,,1,0,11,Do i have #LGBT followers ğŸ¤”ğŸ¤”???,ItsTinyyBihh
2018-07-10 22:15:11+00:00,1016808075951575041,https://twitter.com/ItsTinyyBihh,,,0,0,1,@Kiswan93 No,ItsTinyyBihh
2018-07-10 14:04:43+00:00,1016684648548749315,https://twitter.com/ItsTinyyBihh,,,0,0,1,@MrsTongueYoGirl  https://t.co/DlB6D3iqrd,ItsTinyyBihh
2018-07-10 14:03:32+00:00,1016684348911833088,https://twitter.com/ItsTinyyBihh,,,0,0,0,A what!ğŸ¤” https://t.co/quo7XaTth2,ItsTinyyBihh
2018-07-10 14:00:28+00:00,1016683576983805953,https://twitter.com/ItsTinyyBihh,,,0,1,0,Who did that ğŸ˜£ğŸ˜£ğŸ˜©ğŸ˜© https://t.co/9ifmnZW5Qp,ItsTinyyBihh
2018-07-10 13:59:58+00:00,1016683453268615170,https://twitter.com/ItsTinyyBihh,,,0,0,0,Your baby hair ? https://t.co/1SVybQf6dT,ItsTinyyBihh
2018-07-09 15:31:25+00:00,1016344076545921024,https://twitter.com/ItsTinyyBihh,,,0,0,2,When you wake up annoyed asfğŸ™„ğŸ™„ #BipolarDepression suck ğŸ˜©,ItsTinyyBihh
2018-07-08 21:21:01+00:00,1016069668451311616,https://twitter.com/ItsTinyyBihh,,,0,0,2,When you watching RuPaul season in 2014 and hear okkuuurr ğŸ˜©ğŸ˜©ğŸ˜©i thought Carbi B started it but itâ€™s #LGBT ğŸ³ï¸â€ğŸŒˆğŸ³ï¸â€ğŸŒˆğŸ³ï¸â€ğŸŒˆ,ItsTinyyBihh
2018-07-08 20:07:55+00:00,1016051271831359489,https://twitter.com/ItsTinyyBihh,,,0,4,9,"â¤ï¸GROUP CHATâ¤ï¸
18+ LGBT ğŸ³ï¸â€ğŸŒˆ Lit Telegram Group chatğŸ¤ª DM ME #LGBT #Lesbians #studs #fems #stems #nolabel #gay #gayboys #bisexual #Transgender #FTM #MTF",ItsTinyyBihh
2018-07-08 20:07:40+00:00,1016051209197801473,https://twitter.com/ItsTinyyBihh,,,0,1,3,"Come JoinğŸ³ï¸â€ğŸŒˆğŸ³ï¸â€ğŸŒˆğŸ³ï¸â€ğŸŒˆ
18+ LGBT ğŸ³ï¸â€ğŸŒˆ Lit Telegram Group chatğŸ¤ª DM ME #LGBT #Lesbians #studs #fems #stems #nolabel #gay #gayboys #bisexual #Transgender #FTM #MTF",ItsTinyyBihh
2018-07-08 20:07:15+00:00,1016051105577558017,https://twitter.com/ItsTinyyBihh,,,0,2,3,"Who Want To Join ğŸ³ï¸â€ğŸŒˆğŸ³ï¸â€ğŸŒˆ
18+ LGBT ğŸ³ï¸â€ğŸŒˆ Lit Telegram Group chatğŸ¤ª DM ME #LGBT #Lesbians #studs #fems #stems #nolabel #gay #gayboys #bisexual #Transgender #FTM #MTF",ItsTinyyBihh
2018-07-08 15:22:29+00:00,1015979441686810625,https://twitter.com/ItsTinyyBihh,,,2,0,3,18+ LGBT ğŸ³ï¸â€ğŸŒˆ Lit Telegram Group chatğŸ¤ª DM ME #LGBT #Lesbians #studs #fems #stems #nolabel #gay #gayboys #bisexual #Transgender #FTM #MTF,ItsTinyyBihh
2018-07-07 14:39:12+00:00,1015606160664203264,https://twitter.com/ItsTinyyBihh,,,1,0,3,Good Morning Beautiful People ğŸ¤—ğŸ’˜â€¼ï¸ Hope you have a wonder gay day ğŸ¤ªğŸ¤ª,ItsTinyyBihh
2018-07-06 22:44:42+00:00,1015365954199486465,https://twitter.com/ItsTinyyBihh,,,0,1,1,@swaggirl_jewell  https://t.co/MNMXq1TfjP,ItsTinyyBihh
2018-07-05 16:30:06+00:00,1014909293043339264,https://twitter.com/ItsTinyyBihh,,,0,0,0,@CeeMontanaa Food,ItsTinyyBihh
2018-07-04 17:07:22+00:00,1014556283750543361,https://twitter.com/ItsTinyyBihh,,,2,0,3,â€¼ï¸LGBT Group Chatâ€¼ï¸ who want to join 21+ğŸ˜ #LGBT #Lesbians #Gay #Bisexual #Transgender #Transmen #studs #fems #nolabels #stems DM FOR LINK #TelegramApp,ItsTinyyBihh
2018-07-02 22:22:44+00:00,1013910872140517377,https://twitter.com/ItsTinyyBihh,,,2,0,1,When you koo asf but you have this look that people assume you stuck up ğŸ™„ğŸ™„,ItsTinyyBihh
2018-07-02 21:43:53+00:00,1013901097306554368,https://twitter.com/ItsTinyyBihh,,,0,0,0,Take A Dip With Me ğŸ’¦ğŸ‘™â˜€ï¸#Liveme ğŸ–¤Fuego Stoneyâ„¢ï¸ https://t.co/K3mmEDAwkq,ItsTinyyBihh
2018-06-29 17:11:09+00:00,1012745297582174208,https://twitter.com/ItsTinyyBihh,,,0,0,0,@TreMusicah Oh wait nvm thought you was someone else check dm,ItsTinyyBihh
2018-06-29 17:10:33+00:00,1012745145630982144,https://twitter.com/ItsTinyyBihh,,,0,1,0,@TreMusicah ğŸ™„ğŸ™„ğŸ™„ you in it mf,ItsTinyyBihh
2018-06-29 17:03:02+00:00,1012743254729781248,https://twitter.com/ItsTinyyBihh,,,6,0,14,â€¼ï¸LGBT Group Chatâ€¼ï¸ who want to join 21+ğŸ˜,ItsTinyyBihh
2018-06-27 23:30:17+00:00,1012115933081546752,https://twitter.com/ItsTinyyBihh,,,0,0,3,When you was playing #COD paused it to get something to drink come back and a kid have it on #JustDance2018 ğŸ™„ğŸ™„ğŸ¤¨,ItsTinyyBihh
2018-06-27 20:14:57+00:00,1012066778342666240,https://twitter.com/ItsTinyyBihh,,,0,0,1,#LukeCage season 2 â€¼ï¸â€¼ï¸,ItsTinyyBihh
2018-06-25 02:30:33+00:00,1011074137811554305,https://twitter.com/ItsTinyyBihh,,,0,0,5,In that thing #LGBT #DallasTx #DTX https://t.co/35WIsoEQqX,ItsTinyyBihh
2018-06-21 00:32:31+00:00,1009594880585338886,https://twitter.com/ItsTinyyBihh,,,1,0,1,Swear these be the best convosâ¤ï¸ https://t.co/CcExIuBPBj,ItsTinyyBihh
2018-06-20 15:55:26+00:00,1009464751783587840,https://twitter.com/ItsTinyyBihh,,,1,0,1,My life after wax appointments https://t.co/LNXhjJqpIA,ItsTinyyBihh
2018-06-20 15:54:54+00:00,1009464617024843777,https://twitter.com/ItsTinyyBihh,,,0,0,2,#pride #pridemonth #lgbt 21+ group chat ğŸŒˆğŸŒˆ click the https://t.co/RVcIKsSI6s,ItsTinyyBihh
2018-06-20 02:19:07+00:00,1009259321346142208,https://twitter.com/ItsTinyyBihh,,,0,0,1,When youâ€™re horny but you promise bae will stop waking her up out her sleep this one time so she can finally rest https://t.co/LaI05rFntJ,ItsTinyyBihh
2018-06-19 21:16:02+00:00,1009183046300590080,https://twitter.com/ItsTinyyBihh,,,0,0,1,"ğŸŒˆLGBT GROUP CHATğŸŒˆ 21+ 

https://t.co/RVcIKsSI6s",ItsTinyyBihh
2018-06-19 21:14:08+00:00,1009182568477020160,https://twitter.com/ItsTinyyBihh,,,0,0,0,"ğŸŒˆ21+ Group ChatğŸŒˆ

https://t.co/RVcIKsSI6s",ItsTinyyBihh
2018-06-17 22:07:41+00:00,1008471268281278464,https://twitter.com/ItsTinyyBihh,,,1,0,1,https://t.co/RVcIKsSI6s https://t.co/WOB8J0Geak,ItsTinyyBihh
2018-06-14 02:54:37+00:00,1007093925360881666,https://twitter.com/ItsTinyyBihh,,,1,0,2,https://t.co/t1pRICEBU2,ItsTinyyBihh
2018-06-14 02:54:37+00:00,1007093923972513792,https://twitter.com/ItsTinyyBihh,,,1,1,4,"ğŸŒˆ21+ LGBT GROUP CHATğŸŒˆ
#lgbt #lesbians #bisexuals #studs #stems #nolabels #fems #transmen 
Click the link below",ItsTinyyBihh
2018-06-08 21:56:28+00:00,1005206953629569024,https://twitter.com/ItsTinyyBihh,,,4,0,8,#pridemonth #McDonalds ğŸ˜‚ğŸ˜‚ https://t.co/nYa4Z5zRjz,ItsTinyyBihh
2018-06-07 23:03:48+00:00,1004861512652124160,https://twitter.com/ItsTinyyBihh,,,0,0,1,Omg her hair ğŸ˜ğŸ˜ this wifey â€¼ï¸ğŸ’• https://t.co/yWCYmMAZlq,ItsTinyyBihh
2018-06-07 19:49:01+00:00,1004812494093864968,https://twitter.com/ItsTinyyBihh,,,0,0,1,#Supernatural,ItsTinyyBihh
2018-06-05 18:33:34+00:00,1004068729234362368,https://twitter.com/ItsTinyyBihh,,,0,0,0,I canâ€™t deal with you ğŸ˜‚â€¼ï¸ https://t.co/0Q7GyOthXH,ItsTinyyBihh
2018-06-05 17:13:05+00:00,1004048474348883968,https://twitter.com/ItsTinyyBihh,,,0,0,1,Nonexistent cause i sure donâ€™t be seeing them out here they ugly https://t.co/74oSdDZNcS,ItsTinyyBihh
2018-06-05 17:12:33+00:00,1004048342463205376,https://twitter.com/ItsTinyyBihh,,,0,0,0,@GuessItsJasmine None go to Puerto Rico,ItsTinyyBihh
2018-06-03 00:45:45+00:00,1003075229663531009,https://twitter.com/ItsTinyyBihh,,,0,0,0,@Dreebaee93 I agree lolğŸ’€ğŸ’€ğŸ’€,ItsTinyyBihh
2018-06-02 18:20:00+00:00,1002978153692848133,https://twitter.com/ItsTinyyBihh,,,0,0,1,@Cc_babby23 Yass Iâ€™ll keep you updated ma,ItsTinyyBihh
2018-06-02 17:59:02+00:00,1002972875261956096,https://twitter.com/ItsTinyyBihh,,,0,0,1,@Cc_babby23 Yass you going to show me the hot spots Iâ€™m already booked just need more lit people to turn up with maybe even get a party bus ğŸ˜Š,ItsTinyyBihh
2018-06-02 16:51:01+00:00,1002955760211554304,https://twitter.com/ItsTinyyBihh,,,1,0,0,@TreMusicah Omg im weak asf https://t.co/uI9TpMwf2C,ItsTinyyBihh
2018-06-02 16:49:19+00:00,1002955332560281605,https://twitter.com/ItsTinyyBihh,,,0,1,0,@TreMusicah Are you sure you reading or is you just looking at it ğŸ˜‚ğŸ’€,ItsTinyyBihh
2018-06-02 16:48:52+00:00,1002955217862905856,https://twitter.com/ItsTinyyBihh,,,0,1,1,Where the #VegasLGBT ğŸŒˆğŸ³ï¸â€ğŸŒˆ #Vegas #LGBT im turning up in #Vegas June 22-25 #LinkUp with meğŸ˜‹ğŸ˜‹,ItsTinyyBihh
2018-06-02 16:47:07+00:00,1002954776605229058,https://twitter.com/ItsTinyyBihh,,,0,0,1,#LGBTğŸŒˆğŸ³ï¸â€ğŸŒˆ who in #Vegas im trying to turn up June22-25 when i go out there â€¼ï¸ğŸ’•,ItsTinyyBihh
2018-06-02 16:45:36+00:00,1002954393837240321,https://twitter.com/ItsTinyyBihh,,,0,1,1,@TreMusicah Wyd,ItsTinyyBihh
2018-06-02 16:43:37+00:00,1002953895671365632,https://twitter.com/ItsTinyyBihh,,,0,1,1,@TreMusicah Hey friend i followed you back ğŸ˜ https://t.co/GyWeqEACO2,ItsTinyyBihh
2018-06-02 16:18:27+00:00,1002947563438399488,https://twitter.com/ItsTinyyBihh,,,0,0,1,Good morning #LGBT ğŸŒˆğŸ³ï¸â€ğŸŒˆ Happy Pride Months ğŸ’‹ğŸ’‹ğŸ’‹,ItsTinyyBihh
2018-06-01 19:20:10+00:00,1002630904873914369,https://twitter.com/ItsTinyyBihh,,,0,0,1,Itâ€™s annoying when people randomly text me som random shit ğŸ™„ğŸ¤¦ğŸ½â€â™€ï¸ like tf are you even talking about,ItsTinyyBihh
2018-06-01 12:12:23+00:00,1002523251640324097,https://twitter.com/ItsTinyyBihh,,,0,1,6,@unclebob237 @BernieWanzie @MboleEkaney @Critiqsite @sexylyly94 @RLemnade @PalveenE @berniceashu @FabiolahTakang @ShuraFru @ThickSeptember @yikfwah @ElizaNgufor @fu6nnya @Lovete13 @charlie_forlove @HotFunnyWomen @womeng @Is_Daphne @IsBlancheBailly @RCHL501 @lindaikeji Silence,ItsTinyyBihh
2018-05-30 12:54:25+00:00,1001809050751913985,https://twitter.com/ItsTinyyBihh,,,0,0,0,Bruh my allergies bugging,ItsTinyyBihh
2018-05-30 12:53:43+00:00,1001808878466686976,https://twitter.com/ItsTinyyBihh,,,0,0,2,Who want a 16k Instagram page,ItsTinyyBihh
2018-05-30 12:52:35+00:00,1001808590833938433,https://twitter.com/ItsTinyyBihh,,,0,0,0,Stripper need love too damn they all not hoes ğŸ˜‚ğŸ˜‚ğŸ˜‚ Iâ€™m speaking for the rest ğŸ’€ğŸ˜©ğŸ˜ˆ,ItsTinyyBihh
2018-05-26 00:45:25+00:00,1000176042995277825,https://twitter.com/ItsTinyyBihh,,,0,2,1,@BadAssSuperman Nah you need to get on my line,ItsTinyyBihh
2018-05-25 17:14:39+00:00,1000062602511200256,https://twitter.com/ItsTinyyBihh,,,0,0,9,29 Puerto Rico âœˆï¸Texas https://t.co/aLOW2Cvks2,ItsTinyyBihh
2018-05-25 17:12:23+00:00,1000062031402160128,https://twitter.com/ItsTinyyBihh,,,1,3,6,#SingleLesbian ğŸ³ï¸â€ğŸŒˆğŸŒˆ Roll callâ€¼ï¸ ğŸŒ¸,ItsTinyyBihh
2018-05-25 16:59:45+00:00,1000058854602752001,https://twitter.com/ItsTinyyBihh,,,2,0,4,stop turning GAY .... we full ğŸ™…ğŸ¾â€â™€ï¸ğŸ˜‚ğŸŒˆ,ItsTinyyBihh
2018-05-25 16:28:07+00:00,1000050894409551872,https://twitter.com/ItsTinyyBihh,,,0,0,0,LOCATIONğŸ“: At Ya BM House Throwing Fruit Snacks At Ya Baby Head.ğŸ˜©ğŸ˜©,ItsTinyyBihh
2018-05-25 16:24:01+00:00,1000049860534571009,https://twitter.com/ItsTinyyBihh,,,0,0,0,I fucks with this song ğŸ˜©ğŸ˜© ğŸ’•â€¼ï¸ https://t.co/LQcb0JxcJ6,ItsTinyyBihh
2018-05-25 16:22:34+00:00,1000049494111739910,https://twitter.com/ItsTinyyBihh,,,0,1,0,My DM stay closed ğŸ˜­ğŸ˜­ ğŸ™„ğŸ™„ just nothing but penis and scammers so i just dont reply to nobody ğŸ˜©ğŸ˜©,ItsTinyyBihh
2018-05-24 22:28:39+00:00,999779238013059072,https://twitter.com/ItsTinyyBihh,,,0,0,0,@im_the_kvnggg r.i.p me,ItsTinyyBihh
2018-05-24 16:02:45+00:00,999682122989223936,https://twitter.com/ItsTinyyBihh,,,0,0,0,I had the car off for 10 seconds and almost died ğŸ˜­ğŸ˜­ğŸ˜©ğŸ˜© itâ€™s Hot Asf â€¼ï¸â€¼ï¸,ItsTinyyBihh
2018-05-24 16:01:37+00:00,999681837004828672,https://twitter.com/ItsTinyyBihh,,,0,0,1,Omg itâ€™s hot asfâ€¼ï¸â€¼ï¸â€¼ï¸ğŸ˜©ğŸ˜©,ItsTinyyBihh
2018-05-24 13:47:36+00:00,999648107947286528,https://twitter.com/ItsTinyyBihh,,,1,0,2,My struggle ğŸ™„ğŸ™„ https://t.co/z7iyVqzeR9,ItsTinyyBihh
2018-05-24 13:46:41+00:00,999647878229430272,https://twitter.com/ItsTinyyBihh,,,0,0,1,I need new songs to download #ITunes ğŸ’•,ItsTinyyBihh
2018-05-24 00:11:36+00:00,999442758103429120,https://twitter.com/ItsTinyyBihh,,,0,1,2,"Itâ€™s Called A ""REMOTE"" WTF IS A ""MOKENTROLL"" ğŸ¤¦ğŸ½â€â™€ï¸ğŸ˜‚ğŸ¤”ğŸ˜±",ItsTinyyBihh
2018-05-23 20:27:51+00:00,999386447139540992,https://twitter.com/ItsTinyyBihh,,,0,0,0,@shescreamsjas Lol,ItsTinyyBihh
2018-05-23 20:27:10+00:00,999386273679904769,https://twitter.com/ItsTinyyBihh,,,5,0,56,@zilaja_ Shout out to the homie #CheatInPeace ğŸ˜‚ğŸ˜‚ğŸ˜‚ https://t.co/I9f3uny4dU,ItsTinyyBihh
2018-05-23 20:18:16+00:00,999384037218283526,https://twitter.com/ItsTinyyBihh,,,0,0,2,"I be wondering where the #LGBT in #DallasTexas ğŸ¤”? ğŸ³ï¸â€ğŸŒˆğŸ³ï¸â€ğŸŒˆğŸ³ï¸â€ğŸŒˆ 
#DallasLGBT #DallasTexas #Lesbains #Bisexuals #Gay #Trans #Homo #DTX",ItsTinyyBihh
2018-05-23 12:47:32+00:00,999270607098392576,https://twitter.com/ItsTinyyBihh,,,0,0,1,@eve_were lol thanks,ItsTinyyBihh
2018-05-22 19:26:14+00:00,999008551564693504,https://twitter.com/ItsTinyyBihh,,,0,0,0,@ItsPhiDuhh Can you reach,ItsTinyyBihh
2018-05-22 13:20:47+00:00,998916584314941441,https://twitter.com/ItsTinyyBihh,,,0,0,0,@qtlaiii Oct 4,ItsTinyyBihh
2018-05-22 13:01:12+00:00,998911656011927553,https://twitter.com/ItsTinyyBihh,,,0,0,0,@iamcardib #MoneyBag ğŸ˜©ğŸ˜â€¼ï¸ https://t.co/sli8ujvOpg,ItsTinyyBihh
2018-05-22 12:44:56+00:00,998907563591766021,https://twitter.com/ItsTinyyBihh,,,1,0,2,@DukeStrangelove @BIGGIRLSROCKSS Say it one time for the people in the back â€¼ï¸â€¼ï¸â€¼ï¸ https://t.co/hDip7fjA4F,ItsTinyyBihh
2018-05-22 12:40:38+00:00,998906481679503361,https://twitter.com/ItsTinyyBihh,,,0,1,3,I hate when somebody tell that i should read the Bible like look Bihh donâ€™t be disrespectful ğŸ˜’ğŸ˜’ğŸ˜¡ğŸ˜¡i just said i donâ€™t read the Bible or isnâ€™t religious ğŸ™„ğŸ™„,ItsTinyyBihh
2018-05-22 12:39:06+00:00,998906096164143105,https://twitter.com/ItsTinyyBihh,,,1,1,2,So yâ€™all been Lying to all my life ğŸ˜©ğŸ˜‚ğŸ’€â˜ ï¸ where yâ€™all #TearDrop ass niggas at ğŸ˜­ğŸ˜­ğŸ’€ğŸ’€ commer lil Bihh ğŸ˜‚ğŸ˜‚ğŸ˜‚ https://t.co/WvnncdMuuF,ItsTinyyBihh
2018-05-22 12:36:51+00:00,998905529027252224,https://twitter.com/ItsTinyyBihh,,,0,0,2,Am i the only that chill in they car just listening to musics after they pull up at they place ğŸ¤”ğŸµğŸµğŸ¶ğŸ¶,ItsTinyyBihh
2018-05-22 12:35:29+00:00,998905184238686209,https://twitter.com/ItsTinyyBihh,,,0,0,2,When people walk in my house and im on that PS4 ğŸ˜ğŸ˜ğŸ˜ yea ya girl a gamer ğŸ˜‹ğŸ˜‹,ItsTinyyBihh
2018-05-21 23:59:22+00:00,998714903727935499,https://twitter.com/ItsTinyyBihh,,,1,0,2,"Dear Future bae,
I miss you ğŸ˜©ğŸ˜© Ima ride your face ğŸ’¦ğŸ˜ğŸ˜‹ğŸ˜â€¼ï¸",ItsTinyyBihh
2018-05-21 23:10:34+00:00,998702619953594372,https://twitter.com/ItsTinyyBihh,,,1,0,1,When you need more stud for stud cause youâ€™ve always wanted a threesome with 2 sexy ass stud ğŸ˜©ğŸ˜©ğŸ˜©ğŸ˜‹ğŸ˜‹ğŸ˜‹ https://t.co/h1YxiArFp6,ItsTinyyBihh
2018-05-21 23:04:52+00:00,998701186722263040,https://twitter.com/ItsTinyyBihh,,,0,0,0,When people use hella filter to look light skin then you get on FaceTime like: https://t.co/QWbLQZpwuS,ItsTinyyBihh
2018-05-21 17:13:20+00:00,998612721909321729,https://twitter.com/ItsTinyyBihh,,,0,0,2,Welp i just finished #TheRain since Iâ€™ve heard #DearWhitePeople show was soooo good i guess i see whatâ€™s that aboutğŸ¤”,ItsTinyyBihh
2018-05-18 19:07:11+00:00,997554208080650240,https://twitter.com/ItsTinyyBihh,,,0,0,0,@GuessItsJasmine Itâ€™s not good for you,ItsTinyyBihh
2018-05-18 18:49:24+00:00,997549730816299010,https://twitter.com/ItsTinyyBihh,,,0,0,2,When you like to be choked ğŸ˜ğŸ™„â€¼ï¸ https://t.co/wxamV7WCyU,ItsTinyyBihh
2018-05-18 18:48:14+00:00,997549439198875648,https://twitter.com/ItsTinyyBihh,,,0,0,2,ğŸ˜©ğŸ˜©ğŸ˜ğŸ˜ğŸ’¦ğŸ’¦yassssâ€¼ï¸â€¼ï¸ https://t.co/ZHu0ypBiEb,ItsTinyyBihh
2018-05-18 18:45:39+00:00,997548789434081281,https://twitter.com/ItsTinyyBihh,,,2,0,4,ğŸ˜˜ğŸ˜‹ğŸ˜ https://t.co/JuHAqIUXCC,ItsTinyyBihh
2018-05-18 16:53:16+00:00,997520506059481091,https://twitter.com/ItsTinyyBihh,,,1,0,1,Hold upâ€¼ï¸ waymentâ€¼ï¸ issa 22 phew phew phew ğŸ˜­ğŸ˜­ğŸ˜­ https://t.co/UxxICtOw08,ItsTinyyBihh
2018-05-18 15:45:47+00:00,997503522110308353,https://twitter.com/ItsTinyyBihh,,,0,0,2,Sooo ...,ItsTinyyBihh
2018-05-18 14:50:27+00:00,997489600993079296,https://twitter.com/ItsTinyyBihh,,,1,0,2,Ok who lied https://t.co/oGPSz3KlkM,ItsTinyyBihh
2018-05-18 14:28:59+00:00,997484198238793728,https://twitter.com/ItsTinyyBihh,,,0,0,2,Who #LGBT and over 21ğŸ¤” ???,ItsTinyyBihh
2018-05-17 18:04:12+00:00,997175970300874759,https://twitter.com/ItsTinyyBihh,,,0,0,0,Ok help me get to 5k ğŸ’€,ItsTinyyBihh
2018-05-17 18:01:58+00:00,997175409019105280,https://twitter.com/ItsTinyyBihh,,,1,0,2,@_Bambolinaa__  https://t.co/h8HR5X3ToD,ItsTinyyBihh
2018-05-17 18:01:14+00:00,997175224222343168,https://twitter.com/ItsTinyyBihh,,,1,0,1,Ok sing it ğŸ˜¢ Tear did drop okay https://t.co/N3fXyg339V,ItsTinyyBihh
2018-05-17 17:56:26+00:00,997174017361633280,https://twitter.com/ItsTinyyBihh,,,0,0,0,When try to tell somebody who been skinny all they life and big eats they need to eat ğŸ˜‘ğŸ™„ Bihh i has a whole kid and got back my size ğŸ¤·ğŸ½â€â™€ï¸ eats plenty ğŸ˜‰ i canâ€™t help my metabolism fast asf ğŸ˜˜,ItsTinyyBihh
2018-05-17 17:46:20+00:00,997171475126931457,https://twitter.com/ItsTinyyBihh,,,0,0,1,@AskMyRetros @callmeedaddy7 Ykwâ€¼ï¸â€¼ï¸ i would retweet but i donâ€™t want to scary followers ğŸ¤¦ğŸ½â€â™€ï¸ğŸ˜©,ItsTinyyBihh
2018-05-17 17:39:23+00:00,997169726441783296,https://twitter.com/ItsTinyyBihh,,,0,1,1,@dabaddest_trii Issa Libra thing ğŸ¤·ğŸ½â€â™€ï¸,ItsTinyyBihh
2018-05-17 17:38:52+00:00,997169595839668225,https://twitter.com/ItsTinyyBihh,,,0,0,0,I swear porn kills my vibe ğŸ™„ğŸ˜©ğŸ˜’ #TheShitAggy,ItsTinyyBihh
2018-05-17 17:37:39+00:00,997169289496055808,https://twitter.com/ItsTinyyBihh,,,0,1,1,@dabaddest_trii Omg yasss i donâ€™t do relationships i vibe cause i high loose interest easily,ItsTinyyBihh
2018-05-17 17:36:18+00:00,997168946532048896,https://twitter.com/ItsTinyyBihh,,,0,0,1,Itâ€™s annoying when people say they not this way but bihhh you are you canâ€™t play your part too long obviously ğŸ™‚ğŸ˜­,ItsTinyyBihh
2018-05-17 17:35:30+00:00,997168748950949889,https://twitter.com/ItsTinyyBihh,,,1,0,3,So am i the only one who rather vibe then rush into something ğŸ¤”ğŸ³ï¸â€ğŸŒˆ,ItsTinyyBihh
2018-05-17 17:33:23+00:00,997168214797938688,https://twitter.com/ItsTinyyBihh,,,0,0,1,@TiyaSoSolid Trueâ€¼ï¸ 9.99/10 my money message going to be blue ğŸ˜,ItsTinyyBihh
2018-05-17 17:31:10+00:00,997167658540916737,https://twitter.com/ItsTinyyBihh,,,0,0,0,Â¡los amo! asÃ­ que tuve que descargar ğŸ˜‹â€¼ï¸â€¼ï¸ https://t.co/iV26ifR9PS,ItsTinyyBihh
2018-05-17 17:28:33+00:00,997166998621753349,https://twitter.com/ItsTinyyBihh,,,0,0,0,Swear this the most Iâ€™ve ever tweeted ğŸ¤” Phone been on DND ğŸ¤·ğŸ½â€â™€ï¸,ItsTinyyBihh
2018-05-17 17:27:00+00:00,997166606504660993,https://twitter.com/ItsTinyyBihh,,,0,0,1,I need me a #LesbianStripper partner i can travel with #TravelLife #StripperLife #GayShit #Lesbian ğŸ’•ğŸ³ï¸â€ğŸŒˆâ€¼ï¸,ItsTinyyBihh
2018-05-17 17:25:23+00:00,997166200516988928,https://twitter.com/ItsTinyyBihh,,,0,0,0,@EnuJad Both,ItsTinyyBihh
2018-05-17 17:25:10+00:00,997166148272705537,https://twitter.com/ItsTinyyBihh,,,0,0,0,When bihhs see you dropping them stacks on yourself and vacation ğŸ™„ oh now you know who i am ğŸ˜‰ ok Bihh move around though,ItsTinyyBihh
2018-05-17 17:22:42+00:00,997165526928551937,https://twitter.com/ItsTinyyBihh,,,0,0,1,I just need a stable person i can vibe with ğŸ³ï¸â€ğŸŒˆğŸ¤¦ğŸ½â€â™€ï¸,ItsTinyyBihh
2018-05-17 17:21:26+00:00,997165207469412352,https://twitter.com/ItsTinyyBihh,,,0,0,1,Hey thots whatâ€™s up ?,ItsTinyyBihh
2018-05-17 16:57:23+00:00,997159153935233025,https://twitter.com/ItsTinyyBihh,,,0,1,1,Iâ€™ll be out there ğŸ˜â€¼ï¸ https://t.co/1ZTigThMXQ,ItsTinyyBihh
2018-05-17 16:01:53+00:00,997145187288743937,https://twitter.com/ItsTinyyBihh,,,0,0,0,I hate taking down braids ğŸ¤¦ğŸ½â€â™€ï¸ğŸ™„ where the #DallasStylist ğŸ’‡ğŸ½â€â™€ï¸??,ItsTinyyBihh
2018-05-17 15:58:36+00:00,997144360968912896,https://twitter.com/ItsTinyyBihh,,,6,1,42,Had to download it â¤ï¸ğŸ’•â€¼ï¸ so you know itâ€™s real @CardiffBros #IFucksWithThis https://t.co/JiNDEBvutQ,ItsTinyyBihh
2018-05-17 15:35:50+00:00,997138633969885185,https://twitter.com/ItsTinyyBihh,,,0,0,0,@ItsPhiDuhh I miss you https://t.co/UcfJjAgFPI,ItsTinyyBihh
2018-05-17 15:30:06+00:00,997137188759457792,https://twitter.com/ItsTinyyBihh,,,0,1,1,@ItsPhiDuhh Poor tink i know itâ€™s hard to have short legs ğŸ˜”ğŸ˜” them poor things get tired fast,ItsTinyyBihh
2018-05-17 15:16:33+00:00,997133780572954624,https://twitter.com/ItsTinyyBihh,,,1,0,2,Keep positive energy around you ğŸ’• donâ€™t let anyone take your smile awayğŸ˜‰ğŸ˜˜ #GoodVibes,ItsTinyyBihh
2018-05-17 15:13:34+00:00,997133026860654593,https://twitter.com/ItsTinyyBihh,,,6,2,100,Ok ykwâ€¼ï¸â€¼ï¸ i fucks with this ğŸ™‚ find me Dallas on your near by pole with this on ğŸ¤¤ğŸ¤¤ğŸ˜ŠğŸ˜Š https://t.co/h4IS2hAo0w,ItsTinyyBihh
2018-05-17 15:09:13+00:00,997131935536308224,https://twitter.com/ItsTinyyBihh,,,0,0,0,So #Vegas in June #VegasLGBT where you at??? ğŸ³ï¸â€ğŸŒˆğŸ³ï¸â€ğŸŒˆğŸ³ï¸â€ğŸŒˆ i need to know the hot spots ğŸ¤¤,ItsTinyyBihh
2018-05-17 15:06:17+00:00,997131195656876033,https://twitter.com/ItsTinyyBihh,,,0,0,0,I normally donâ€™t follow celebs but you know i had to follow the baes ğŸ˜ğŸ˜ğŸ˜ @rihanna @Zendaya @iamcardib â€¼ï¸â€¼ï¸â¤ï¸ğŸ’‹ğŸ’•,ItsTinyyBihh
2018-05-17 15:04:34+00:00,997130763039641602,https://twitter.com/ItsTinyyBihh,,,0,0,0,This #ScreamShow Lowkey good,ItsTinyyBihh
2018-05-17 14:50:17+00:00,997127168797929472,https://twitter.com/ItsTinyyBihh,,,0,0,0,When somebody think youâ€™re big mad them ğŸ˜‚ğŸ˜‚ sus you are not on my brain https://t.co/zTITpLBDIF,ItsTinyyBihh
2018-05-17 14:42:39+00:00,997125247320186880,https://twitter.com/ItsTinyyBihh,,,0,0,0,When i get a green message ğŸ™„ğŸ™„ğŸ™„ you gets no reply from me ğŸ˜‚ğŸ˜‚ğŸ˜‚,ItsTinyyBihh
2018-05-17 13:58:37+00:00,997114166556192769,https://twitter.com/ItsTinyyBihh,,,0,0,0,I feel like my follower are trying to send me messages cause they know how Iâ€™m feeling right now ğŸ˜‚ğŸ¤¦ğŸ½â€â™€ï¸â€¼ï¸ #TheyKnowMyLife ğŸ˜‚ğŸ˜‚,ItsTinyyBihh
2018-05-17 13:57:31+00:00,997113890717790210,https://twitter.com/ItsTinyyBihh,,,3,0,2,This â€¼ï¸ https://t.co/yfp1WYH5tV,ItsTinyyBihh
2018-05-17 13:55:45+00:00,997113447140773888,https://twitter.com/ItsTinyyBihh,,,1,0,3,Yasss ğŸ™„ https://t.co/kEy2lDhXHp,ItsTinyyBihh
2018-05-17 13:25:29+00:00,997105828346941440,https://twitter.com/ItsTinyyBihh,,,1,0,19,Like frfrğŸ™‚ğŸ˜‹ #Girlswholikegirls ğŸ¤— https://t.co/QEEb7uKzop,ItsTinyyBihh
2018-05-17 13:02:23+00:00,997100014898950144,https://twitter.com/ItsTinyyBihh,,,0,0,0,Ykwâ€¼ï¸â€¼ï¸â€¼ï¸ https://t.co/gFdVoL2U0H,ItsTinyyBihh
2018-05-17 12:57:32+00:00,997098795694518272,https://twitter.com/ItsTinyyBihh,,,0,0,0,@Saiyeezy ğŸ³ï¸â€ğŸŒˆğŸ³ï¸â€ğŸŒˆğŸ³ï¸â€ğŸŒˆlesbian,ItsTinyyBihh
2018-05-17 08:11:26+00:00,997026796846702592,https://twitter.com/ItsTinyyBihh,,,0,0,0,Question: Why Are You Black Studs Wilding all 2018? ğŸ¤¦ğŸ½â€â™€ï¸ğŸ¤¦ğŸ½â€â™€ï¸ğŸ¤¦ğŸ½â€â™€ï¸,ItsTinyyBihh
2018-05-17 08:09:43+00:00,997026364078411777,https://twitter.com/ItsTinyyBihh,,,0,0,0,Omg she sexy ğŸ’‹ğŸ˜â¤ï¸ğŸ˜˜â€¼ï¸,ItsTinyyBihh
2018-05-17 05:02:17+00:00,996979192238665729,https://twitter.com/ItsTinyyBihh,,,0,0,1,@swaggirl_jewell Nope you can catch one though Iâ€™ll dm you,ItsTinyyBihh
2018-05-17 04:20:07+00:00,996968583673589762,https://twitter.com/ItsTinyyBihh,,,0,0,0,@Beerichtho Check Dm,ItsTinyyBihh
2018-05-17 03:43:36+00:00,996959391747362818,https://twitter.com/ItsTinyyBihh,,,0,2,3,iMessage games?,ItsTinyyBihh
2018-05-17 03:43:07+00:00,996959273149259778,https://twitter.com/ItsTinyyBihh,,,0,0,0,When youâ€™re #TeamLilBooty but you be making that thang put in some work https://t.co/cVI09gCnn9,ItsTinyyBihh
2018-05-17 03:31:58+00:00,996956466669146113,https://twitter.com/ItsTinyyBihh,,,0,0,0,"I need more #LGBT #Gamers #PS4 people ğŸ®PSN TINYnNIYA

#Retweet whatâ€™s yours??ğŸ˜‹",ItsTinyyBihh
2018-05-17 03:08:53+00:00,996950657675522050,https://twitter.com/ItsTinyyBihh,,,1,1,2,"I need #LGBT #Snapchat people ğŸ‘»SC GetPoohWett

#Retweet whatâ€™s yours??ğŸ˜‹",ItsTinyyBihh
2018-05-16 19:41:19+00:00,996838023726854145,https://twitter.com/ItsTinyyBihh,,,0,2,2,"LBGT GROUPâ€¼ï¸â€¼ï¸ğŸ³ï¸â€ğŸŒˆğŸ³ï¸â€ğŸŒˆğŸ³ï¸â€ğŸŒˆ WHO WANT TO JOIN ğŸ’•ğŸ’• DM ITS ON TELEGRAM
 #LGBT #GROUPCHAT #TELEGRAM",ItsTinyyBihh
2018-05-14 20:41:24+00:00,996128368784527360,https://twitter.com/ItsTinyyBihh,,,2,0,1,@FindYourStud Their physical with you but heart somewhere else might be rough then physical cheating,ItsTinyyBihh
2018-05-14 20:39:41+00:00,996127934363721728,https://twitter.com/ItsTinyyBihh,,,1,1,1,@FindYourStud Like would you rather someone you with so start falling in love with someone else,ItsTinyyBihh
2018-05-14 20:05:04+00:00,996119221414359041,https://twitter.com/ItsTinyyBihh,,,1,1,1,@FindYourStud Yep,ItsTinyyBihh
2018-05-14 13:31:47+00:00,996020248506716161,https://twitter.com/ItsTinyyBihh,,,0,0,2,Good Morning â˜€ï¸ Beautiful Humansâ¤ï¸,ItsTinyyBihh
2018-05-14 03:42:31+00:00,995871955415945216,https://twitter.com/ItsTinyyBihh,,,0,0,1,@BadAssSuperman ğŸ˜˜ğŸ˜˜ğŸ˜ğŸ˜ https://t.co/QALcO2wAFO,ItsTinyyBihh
2018-05-14 03:40:51+00:00,995871536941854721,https://twitter.com/ItsTinyyBihh,,,0,0,1,@BadAssSuperman This time ğŸ˜’ğŸ˜’ğŸ˜’,ItsTinyyBihh
2018-05-14 03:40:06+00:00,995871348445589504,https://twitter.com/ItsTinyyBihh,,,0,1,0,@BadAssSuperman See https://t.co/IT7z2SlWwO,ItsTinyyBihh
2018-05-14 03:37:23+00:00,995870666099494912,https://twitter.com/ItsTinyyBihh,,,0,1,1,@BadAssSuperman Lmao Ykw youâ€™re lucky youâ€™re cute cause Iâ€™m throwing you away,ItsTinyyBihh
2018-05-14 03:36:29+00:00,995870440122920960,https://twitter.com/ItsTinyyBihh,,,0,1,1,@BadAssSuperman Lol ok even though you disappeared on me ğŸ™„ğŸ™„&amp; havenâ€™t seen it in a bit,ItsTinyyBihh
2018-05-14 03:34:42+00:00,995869988664807424,https://twitter.com/ItsTinyyBihh,,,0,1,1,@BadAssSuperman Thatâ€™s my show but Iâ€™m catch up on it ğŸ˜,ItsTinyyBihh
2018-05-13 23:41:37+00:00,995811330698416128,https://twitter.com/ItsTinyyBihh,,,0,0,1,So vacation #Vegas #June #LGBT â˜ºï¸â˜ºï¸â€¼ï¸â€¼ï¸ must i say more #LinkUp,ItsTinyyBihh
2018-05-13 23:39:08+00:00,995810705319350273,https://twitter.com/ItsTinyyBihh,,,0,1,1,So i need a new movie or show to watch #Netflix,ItsTinyyBihh
2018-05-13 23:38:31+00:00,995810552017555456,https://twitter.com/ItsTinyyBihh,,,0,0,1,Happy Motherâ€™s Day ğŸ’•â€¼ï¸â¤ï¸ğŸ‘¼ğŸ½,ItsTinyyBihh
2018-05-11 18:48:10+00:00,995012706271932417,https://twitter.com/ItsTinyyBihh,,,0,0,0,@sterlin65 @AllHailMadness His legs,ItsTinyyBihh
2018-05-05 01:29:13+00:00,992576919957852162,https://twitter.com/ItsTinyyBihh,,,0,0,0,Help this bald head girl out ğŸ˜ https://t.co/tsIcvajP13,ItsTinyyBihh
2018-05-04 20:43:01+00:00,992504893452767234,https://twitter.com/ItsTinyyBihh,,,0,0,3,Hello itâ€™s your favorite lesbian stripper ğŸ˜‚ğŸ˜‚ğŸ˜‚ https://t.co/lpxeqFUH1f,ItsTinyyBihh
2018-05-02 18:03:29+00:00,991739972687417344,https://twitter.com/ItsTinyyBihh,,,0,0,0,https://t.co/bQR4MpjCfD,ItsTinyyBihh
2018-05-02 18:02:32+00:00,991739733200994304,https://twitter.com/ItsTinyyBihh,,,1,1,5,"ğŸ˜TELEGRAM APP (L)G(B)(T) GCâ€¼ï¸
ğŸ‘‹ğŸ¼ğŸ‘‹ğŸ¼ğŸ’‹Hey Come Join Our New Link Up Chat... Trying to ado Something DifferentğŸ˜‹Group Link Ups (October link up coming) â˜ºï¸ DM For Link 21+ Only ğŸ’“  
#Lesbians #Bisexual #Transmen  #STUDS #Fems #NoLabels #Stem #FTM  #GetToKnowPeople #pansexual https://t.co/z2ocsQTdht",ItsTinyyBihh
2018-05-01 19:54:26+00:00,991405504332206081,https://twitter.com/ItsTinyyBihh,,,1,0,0,"Whatâ€™s your #PSN
 #PS4 #Playstation #Gamer",ItsTinyyBihh
2018-05-01 19:52:09+00:00,991404931788759041,https://twitter.com/ItsTinyyBihh,,,0,0,0,@MkRoseSantagola Iâ€™m good,ItsTinyyBihh
2018-04-29 19:20:06+00:00,990672090893254656,https://twitter.com/ItsTinyyBihh,,,0,0,5,#LGBTBabes #Lesbian #embracethequeer #single #follow4follow https://t.co/kaVbd9VRXj,ItsTinyyBihh
2018-04-25 18:29:58+00:00,989209923174191106,https://twitter.com/ItsTinyyBihh,,,0,0,0,@Lover3Daddy Added,ItsTinyyBihh
2018-04-25 18:23:34+00:00,989208309826752517,https://twitter.com/ItsTinyyBihh,,,0,0,0,@Lover3Daddy ğŸ™„ğŸ™„ you donâ€™t know which one ğŸ¤¦ğŸ½â€â™€ï¸,ItsTinyyBihh
2018-04-25 15:58:26+00:00,989171788646113284,https://twitter.com/ItsTinyyBihh,,,0,1,1,@BtepJunior Right im@juat playing the PS4 though,ItsTinyyBihh
2018-04-25 14:49:30+00:00,989154438970576897,https://twitter.com/ItsTinyyBihh,,,0,1,0,@BtepJunior Pretty good just ate breakfast and drink coffee otp... Iâ€™m really not enjoying this weather,ItsTinyyBihh
2018-04-25 14:46:30+00:00,989153685728059392,https://twitter.com/ItsTinyyBihh,,,0,1,0,@BtepJunior Hru,ItsTinyyBihh
2018-04-25 14:46:26+00:00,989153668581732352,https://twitter.com/ItsTinyyBihh,,,0,0,0,@Xoxo_HerDown Hru,ItsTinyyBihh
2018-04-25 13:41:08+00:00,989137233348300800,https://twitter.com/ItsTinyyBihh,,,0,3,7,Good morning gaysğŸ³ï¸â€ğŸŒˆğŸ˜‹â€¼ï¸ #DontBeRude,ItsTinyyBihh
2018-04-24 17:01:41+00:00,988825315886682112,https://twitter.com/ItsTinyyBihh,,,1,0,2,RT4RT ?,ItsTinyyBihh
2018-04-24 15:04:13+00:00,988795755719811074,https://twitter.com/ItsTinyyBihh,,,0,0,0,@HeresThe_SCOOP I been good just been chilling you know,ItsTinyyBihh
2018-04-24 13:37:47+00:00,988774000892502016,https://twitter.com/ItsTinyyBihh,,,0,0,0,@HeresThe_SCOOP Iâ€™m ok just been chilling same old stuff and yes it has,ItsTinyyBihh
2018-04-24 13:34:53+00:00,988773275164700672,https://twitter.com/ItsTinyyBihh,,,0,1,2,Scooooop whatâ€™s up ma https://t.co/Eg1rBvH8vQ,ItsTinyyBihh
2018-04-24 13:32:02+00:00,988772555132669954,https://twitter.com/ItsTinyyBihh,,,0,1,2,"Ayyee 3k followers ğŸ˜‹ğŸ˜¬ 
Thanks for following my boring bald head ass ğŸ˜‹ğŸ˜‹ https://t.co/oBJMTk3hMf",ItsTinyyBihh
2018-04-24 12:50:44+00:00,988762161223688193,https://twitter.com/ItsTinyyBihh,,,1,0,1,"ğŸŒˆ21+ (L)G(B)(T) Telegram Group ChatğŸŒˆ
#Lesbians #Bisexuals #Transmen #FTM #Studs #Fems #Femme #Stems #NoLabels #StudForStud #Pansexual #StudForFem #FemForFem 
ğŸ‘‡ğŸ½Click Link To JoinğŸ‘‡ğŸ½

https://t.co/t1pRICWcLA",ItsTinyyBihh
2018-04-23 17:24:15+00:00,988468608039817217,https://twitter.com/ItsTinyyBihh,,,0,1,1,@BadAssSuperman I need a test then so see if he taught you well,ItsTinyyBihh
2018-04-23 17:21:45+00:00,988467976457326592,https://twitter.com/ItsTinyyBihh,,,0,1,1,@BadAssSuperman ğŸ˜ğŸ˜ğŸ˜ğŸ˜,ItsTinyyBihh
2018-04-23 13:16:59+00:00,988406378871054336,https://twitter.com/ItsTinyyBihh,,,0,0,1,@Gabby_Simba ğŸ˜ğŸ˜‹ğŸ’•â€¼ï¸,ItsTinyyBihh
2018-04-23 02:40:51+00:00,988246290831159296,https://twitter.com/ItsTinyyBihh,,,0,0,0,@GuessItsJasmine @chocolategoddd Lmao ğŸ˜‚ğŸ˜‚ğŸ’€ğŸ’€,ItsTinyyBihh
2018-04-23 02:36:25+00:00,988245175083458561,https://twitter.com/ItsTinyyBihh,,,1,0,3,"ğŸŒˆ21+ (L)G(B)(T) Telegram Group ChatğŸŒˆ
#Lesbians #Bisexuals #Transmen #FTM #Studs #Fems #Femme #Stems #NoLabels #StudForStud #Pansexual #StudForFem #FemForFem 
ğŸ‘‡ğŸ½Click Link To JoinğŸ‘‡ğŸ½

https://t.co/t1pRICEBU2",ItsTinyyBihh
2018-04-23 02:34:08+00:00,988244601457795072,https://twitter.com/ItsTinyyBihh,,,0,0,1,What hair she talking about @chocolategoddd ğŸ˜‚ğŸ˜‚ğŸ’€ğŸ’€ https://t.co/LwAvHOr3nk,ItsTinyyBihh
2018-04-21 22:31:33+00:00,987821168219521024,https://twitter.com/ItsTinyyBihh,,,0,0,1,@teeeyannaa Be nice â˜ºï¸â˜ºï¸ you my new friend now,ItsTinyyBihh
2018-04-21 22:27:47+00:00,987820217081483264,https://twitter.com/ItsTinyyBihh,,,0,1,0,@teeeyannaa ğŸ¤·ğŸ½â€â™€ï¸ğŸ¤·ğŸ½â€â™€ï¸ğŸ¤·ğŸ½â€â™€ï¸,ItsTinyyBihh
2018-04-21 22:26:01+00:00,987819771877044224,https://twitter.com/ItsTinyyBihh,,,0,1,1,@teeeyannaa Yea you do ğŸ˜ŠğŸ˜ŠğŸ˜‚â€¼ï¸,ItsTinyyBihh
2018-04-21 22:10:15+00:00,987815807584436224,https://twitter.com/ItsTinyyBihh,,,0,1,1,@teeeyannaa Nah im just messing ğŸ˜‚ğŸ˜‚,ItsTinyyBihh
2018-04-21 21:13:42+00:00,987801575065313281,https://twitter.com/ItsTinyyBihh,,,0,1,1,@teeeyannaa  https://t.co/sD0G8cDKQy,ItsTinyyBihh
2018-04-21 20:52:35+00:00,987796258927587328,https://twitter.com/ItsTinyyBihh,,,0,1,1,@teeeyannaa Whatâ€™s wrong with light skins https://t.co/l6QaHUnyJR,ItsTinyyBihh
2018-04-21 20:35:09+00:00,987791871299739648,https://twitter.com/ItsTinyyBihh,,,2,0,0,"ğŸŒˆ21+ (L)G(B)(T) Telegram Group ChatğŸŒˆ
#Lesbians #Bisexuals #Transmen #FTM #Studs #Fems #Femme #Stems #NoLabels #StudForStud #Pansexual #StudForFem #FemForFem 
ğŸ‘‡ğŸ½Click Link To JoinğŸ‘‡ğŸ½
https://t.co/t1pRICEBU2",ItsTinyyBihh
2018-04-19 08:18:26+00:00,986881695331880960,https://twitter.com/ItsTinyyBihh,,,0,1,1,When your ex petty so she steal your vibrator after yâ€™all break up ğŸ™„ğŸ¤¦ğŸ½â€â™€ï¸ğŸ˜ ğŸ˜‘ #Petty,ItsTinyyBihh
2018-04-19 08:16:24+00:00,986881186566889473,https://twitter.com/ItsTinyyBihh,,,0,0,0,"Hitting #Vegas in June â˜ºï¸â˜ºï¸ 
#ATL in July 
#Florida in October ğŸ˜ğŸ˜˜",ItsTinyyBihh
2018-04-19 04:44:15+00:00,986827796638035968,https://twitter.com/ItsTinyyBihh,,,4,1,15,Iâ€™m just trying to ride somebody daughter face ğŸ˜‹ğŸ’¦,ItsTinyyBihh
2018-04-17 13:53:01+00:00,986241122786791424,https://twitter.com/ItsTinyyBihh,,,1,0,3,ğŸŒˆTelegram Group ChatğŸŒˆ #lesbian #bisexual #transmen #pansexual #asexual #studs #fems #nolabel #stem #ftm https://t.co/LXUBrKPhyC,ItsTinyyBihh
2018-04-15 15:32:05+00:00,985541277692416000,https://twitter.com/ItsTinyyBihh,,,0,0,1,@staychiefin757 ğŸ˜‚ğŸ˜‚ğŸ’€ğŸ’€ğŸ’€,ItsTinyyBihh
2018-04-15 14:34:08+00:00,985526693677944832,https://twitter.com/ItsTinyyBihh,,,0,0,1,@staychiefin757  https://t.co/F1LRnL1AfK,ItsTinyyBihh
2018-04-15 14:22:43+00:00,985523820420390912,https://twitter.com/ItsTinyyBihh,,,1,2,1,@staychiefin757 I mean i got that juice sooo ğŸ˜ğŸ˜‚ğŸ˜‚ğŸ˜‚ they need to dating these girls with no job and hella kidsğŸ’€ğŸ˜‚ nah i just get paid good to do all,ItsTinyyBihh
2018-04-15 14:17:12+00:00,985522429631123456,https://twitter.com/ItsTinyyBihh,,,0,1,1,@staychiefin757 Lmao Iâ€™ve noticed cause no stud Iâ€™ve dated like me doing shit like damn let me pay hell im not that type to just want to be spoiled and they donâ€™t be use to that,ItsTinyyBihh
2018-04-15 14:05:40+00:00,985519529462726656,https://twitter.com/ItsTinyyBihh,,,0,1,1,@staychiefin757 I have taken studs i dated on dates is what i mean when i say that had to force spoil me cause i would want to pay but they always be like nah i got it it be like a battle who pass their card first ğŸ˜‚,ItsTinyyBihh
2018-04-15 12:39:34+00:00,985497863219228675,https://twitter.com/ItsTinyyBihh,,,0,0,0,ğŸ’€ğŸ˜‚ https://t.co/w0dzhbFab3,ItsTinyyBihh
2018-04-15 02:08:26+00:00,985339031125979136,https://twitter.com/ItsTinyyBihh,,,3,0,0,https://t.co/t1pRICEBU2,ItsTinyyBihh
2018-04-15 02:08:25+00:00,985339028965937155,https://twitter.com/ItsTinyyBihh,,,1,1,0,"ğŸŒˆ21+ Group Chat on TelegramğŸŒˆ(L)G(B)(T) Link Ups 
#lesbians #bisexuals #transmen #ftm #Studs #Fems #nolabels #stems #fem4fem #stud4fem #stud4stud 
CLICK THE LINK TO JOINğŸ˜˜",ItsTinyyBihh
2018-04-15 01:29:14+00:00,985329167867707392,https://twitter.com/ItsTinyyBihh,,,5,1,7,"Who singleğŸ¤”ğŸ’•â€¼ï¸

Iâ€™m trying to see something ğŸ˜",ItsTinyyBihh
2018-04-14 22:17:53+00:00,985281010341437441,https://twitter.com/ItsTinyyBihh,,,0,0,0,Aye you better wurk ğŸ‘ğŸ½ğŸ™ŒğŸ½ğŸ’• https://t.co/tq1Vp48Qin,ItsTinyyBihh
2018-04-14 14:27:02+00:00,985162520188145664,https://twitter.com/ItsTinyyBihh,,,1,0,0,"ğŸ˜TELEGRAM (L)G(B)(T) GCâ€¼ï¸
ğŸ‘‹ğŸ¼ğŸ‘‹ğŸ¼ğŸ’‹Hey Come Join Our New Group Chat ğŸ˜‹Don't Be Shy We Also Do Groupâ€¦ https://t.co/fgMKEz9gEa",ItsTinyyBihh
2018-04-14 11:55:08+00:00,985124292592586753,https://twitter.com/ItsTinyyBihh,,,1,0,1,"ğŸ˜TELEGRAM (L)G(B)(T) GCâ€¼ï¸
ğŸ‘‹ğŸ¼ğŸ‘‹ğŸ¼ğŸ’‹Hey Come Join Our New Group Chat ğŸ˜‹Don't Be Shy We Also Do Groupâ€¦ https://t.co/9yt0AwGoEN",ItsTinyyBihh
2018-04-14 05:35:39+00:00,985028791956275200,https://twitter.com/ItsTinyyBihh,,,0,0,1,@GuessItsJasmine You canâ€™t do us like that,ItsTinyyBihh
2018-04-14 05:28:58+00:00,985027108605919233,https://twitter.com/ItsTinyyBihh,,,0,0,1,@GuessItsJasmine Lol stop being childish,ItsTinyyBihh
2018-04-14 03:49:48+00:00,985002152539181056,https://twitter.com/ItsTinyyBihh,,,0,0,0,Im sooooo sleepy ğŸ’¤,ItsTinyyBihh
2018-04-14 03:49:16+00:00,985002019592310784,https://twitter.com/ItsTinyyBihh,,,0,0,0,Itâ€™s cause your brain is small it have to much space to move around https://t.co/OcuMhpnQoL,ItsTinyyBihh
2018-04-13 00:37:11+00:00,984591291550978053,https://twitter.com/ItsTinyyBihh,,,0,0,0,@GuessItsJasmine You get on my nerves ğŸ˜‚ğŸ˜‚ mind your business,ItsTinyyBihh
2018-04-12 23:15:33+00:00,984570746922991616,https://twitter.com/ItsTinyyBihh,,,2,2,13,"Where the gay people at?? ğŸ³ï¸â€ğŸŒˆğŸ³ï¸â€ğŸŒˆ

Iâ€™m trying to see something",ItsTinyyBihh
2018-04-12 22:51:55+00:00,984564800066871297,https://twitter.com/ItsTinyyBihh,,,0,0,0,Right you canâ€™t be bald and salty pick a struggle https://t.co/NrsU9PqBSD,ItsTinyyBihh
2018-04-12 18:41:41+00:00,984501826199457792,https://twitter.com/ItsTinyyBihh,,,0,0,0,Why this me ğŸ˜‚ğŸ˜‚ğŸ˜‚ https://t.co/YLD8bDfk3h,ItsTinyyBihh
2018-04-12 18:41:26+00:00,984501763377192960,https://twitter.com/ItsTinyyBihh,,,0,0,0,YkwğŸ˜‚â€¼ï¸ https://t.co/7Q0Z7cUCk3,ItsTinyyBihh
2018-04-12 12:41:42+00:00,984411233054068736,https://twitter.com/ItsTinyyBihh,,,1,1,0,"ğŸ³ï¸â€ğŸŒˆ21+ Telegram #LGBT Group Link Up ChatğŸ³ï¸â€ğŸŒˆ #Lesbians #Bisexual #Transmen 

#DM or #Reply To JoinğŸ˜Œ",ItsTinyyBihh
2018-04-12 12:41:31+00:00,984411190527975424,https://twitter.com/ItsTinyyBihh,,,1,0,0,"ğŸ³ï¸â€ğŸŒˆ21+ Telegram #LGBT Group Link Up ChatğŸ³ï¸â€ğŸŒˆ #Lesbians #Bisexual #Transmen 

#DM or #Reply To JoinğŸ’•",ItsTinyyBihh
2018-04-12 12:41:23+00:00,984411154750541824,https://twitter.com/ItsTinyyBihh,,,1,0,0,"ğŸ³ï¸â€ğŸŒˆ21+ Telegram #LGBT Group Link Up ChatğŸ³ï¸â€ğŸŒˆ #Lesbians #Bisexual #Transmen 

#DM or #Reply To JoinğŸ™‚",ItsTinyyBihh
2018-04-12 12:41:09+00:00,984411098370670592,https://twitter.com/ItsTinyyBihh,,,1,1,0,"ğŸ³ï¸â€ğŸŒˆ21+ Telegram #LGBT Group Link Up ChatğŸ³ï¸â€ğŸŒˆ #Lesbians #Bisexual #Transmen 

#DM or #Reply To JoinğŸ˜",ItsTinyyBihh
2018-04-12 12:40:46+00:00,984410999485796352,https://twitter.com/ItsTinyyBihh,,,1,0,0,"ğŸ³ï¸â€ğŸŒˆ21+ Telegram #LGBT Group Link Up ChatğŸ³ï¸â€ğŸŒˆ #Lesbians #Bisexual #Transmen 

#DM or #Reply To JoinğŸ˜‰",ItsTinyyBihh
2018-04-12 12:40:26+00:00,984410916551880705,https://twitter.com/ItsTinyyBihh,,,1,0,0,"ğŸ³ï¸â€ğŸŒˆ21+ Telegram #LGBT Group Link Up ChatğŸ³ï¸â€ğŸŒˆ #Lesbians #Bisexual #Transmen 

#DM or #Reply To JoinğŸ˜",ItsTinyyBihh
2018-04-12 12:40:15+00:00,984410868757749760,https://twitter.com/ItsTinyyBihh,,,1,0,1,"ğŸ³ï¸â€ğŸŒˆ21+ Telegram #LGBT Group Link Up ChatğŸ³ï¸â€ğŸŒˆ #Lesbians #Bisexual #Transmen 

#DM or #Reply To Join",ItsTinyyBihh
2018-04-12 12:39:57+00:00,984410792584994817,https://twitter.com/ItsTinyyBihh,,,1,0,1,ğŸ³ï¸â€ğŸŒˆ21+ Telegram #LGBT Group ChatğŸ³ï¸â€ğŸŒˆ Wanna Join (L)G(B)(T) #Reply or #DM To Joinâ€¼ï¸,ItsTinyyBihh
2018-04-12 01:33:34+00:00,984243091749195776,https://twitter.com/ItsTinyyBihh,,,0,0,0,Itâ€™s ugly https://t.co/ykIdyI6guS,ItsTinyyBihh
2018-04-09 01:57:01+00:00,983161829265498112,https://twitter.com/ItsTinyyBihh,,,1,3,0,"ğŸ³ï¸â€ğŸŒˆ21+ Telegram #LGBT Group Link Up ChatğŸ³ï¸â€ğŸŒˆ #Lesbians #Bisexual #Transmen 

#DM or #Reply To Join",ItsTinyyBihh
2018-04-08 16:37:46+00:00,983021091437281280,https://twitter.com/ItsTinyyBihh,,,0,0,0,@chocolategoddd @GuessItsJasmine  https://t.co/vpuu8u9gjM,ItsTinyyBihh
2018-04-08 16:37:19+00:00,983020978929393666,https://twitter.com/ItsTinyyBihh,,,0,0,0,@GuessItsJasmine @chocolategoddd  https://t.co/2dZUFUGvfb,ItsTinyyBihh
2018-04-08 13:35:50+00:00,982975306809118720,https://twitter.com/ItsTinyyBihh,,,1,0,1,ğŸ³ï¸â€ğŸŒˆ21+ Telegram #LGBT Group ChatğŸ³ï¸â€ğŸŒˆ Wanna Join (L)G(B)(T) #Reply or #DM To Join,ItsTinyyBihh
2018-04-08 04:52:22+00:00,982843570741764096,https://twitter.com/ItsTinyyBihh,,,0,1,0,@GuessItsJasmine #baldLGBT,ItsTinyyBihh
2018-04-07 19:28:58+00:00,982701788347486208,https://twitter.com/ItsTinyyBihh,,,0,0,1,Lmao mmhmm ass you say https://t.co/hqdoadlG6L,ItsTinyyBihh
2018-04-07 19:26:53+00:00,982701261639290880,https://twitter.com/ItsTinyyBihh,,,0,1,0,@dubldai_ stalker much â€¼ï¸â€¼ï¸â€¼ï¸ğŸ˜­ğŸ˜­ğŸ˜­,ItsTinyyBihh
2018-04-05 23:56:22+00:00,982044303114539012,https://twitter.com/ItsTinyyBihh,,,0,0,0,Done https://t.co/UFRgZVIJQ5,ItsTinyyBihh
2018-04-04 12:28:39+00:00,981508848363147264,https://twitter.com/ItsTinyyBihh,,,0,0,0,@Dreebaee93 Can i have my 500 now or later ğŸ˜‚ğŸ’€,ItsTinyyBihh
2018-04-03 16:52:23+00:00,981212829016576000,https://twitter.com/ItsTinyyBihh,,,1,0,2,Go Follow @GuessItsJasmine â™¥ï¸ğŸ’•â€¼ï¸ğŸ³ï¸â€ğŸŒˆğŸ˜,ItsTinyyBihh
2018-04-03 16:48:26+00:00,981211836723982337,https://twitter.com/ItsTinyyBihh,,,0,0,0,https://t.co/XJFeQ5GpMR,ItsTinyyBihh
2018-04-03 16:48:26+00:00,981211835125952515,https://twitter.com/ItsTinyyBihh,,,0,1,0,ğŸ³ï¸â€ğŸŒˆ21+ Telegram Group chatğŸ³ï¸â€ğŸŒˆğŸ³ï¸â€ğŸŒˆ,ItsTinyyBihh
2018-04-03 04:14:43+00:00,981022159295471616,https://twitter.com/ItsTinyyBihh,,,0,1,0,@justchain We donâ€™t care but tell your followers to join my group chat ğŸ˜‚ğŸ˜‚,ItsTinyyBihh
2018-04-02 20:39:53+00:00,980907695179010048,https://twitter.com/ItsTinyyBihh,,,3,1,6,SingleğŸ’•ğŸ˜â€¼ï¸,ItsTinyyBihh
2018-04-02 19:11:28+00:00,980885442756214789,https://twitter.com/ItsTinyyBihh,,,4,0,4,ğŸ³ï¸â€ğŸŒˆ#LGBTQ #Lesbian #bisexual #transmen #pansexual Telegram 21+ Group ChatğŸ˜˜ğŸŒ» DM Me &amp; #Retweet,ItsTinyyBihh
2018-03-31 00:00:00+00:00,979870891650711552,https://twitter.com/ItsTinyyBihh,,,0,0,1,Iâ€™m tired of people assuming Iâ€™m crazy cause Iâ€™m Puerto Rican ğŸ™„ğŸ¤¦ğŸ½â€â™€ï¸ ğŸ˜‚ğŸ˜‚ğŸ˜‚,ItsTinyyBihh
2018-03-30 23:59:22+00:00,979870731101229057,https://twitter.com/ItsTinyyBihh,,,23,0,37,I need more #LGBT friendsğŸ³ï¸â€ğŸŒˆğŸ˜©,ItsTinyyBihh
2018-03-30 23:58:51+00:00,979870603372003328,https://twitter.com/ItsTinyyBihh,,,0,0,0,Welp on to this job ğŸ˜ğŸ™ˆ,ItsTinyyBihh
2018-03-30 23:58:32+00:00,979870524078772224,https://twitter.com/ItsTinyyBihh,,,0,0,0,Who live in Dallas ğŸ³ï¸â€ğŸŒˆğŸ³ï¸â€ğŸŒˆ Link Up,ItsTinyyBihh
2018-03-30 05:35:07+00:00,979592839058415616,https://twitter.com/ItsTinyyBihh,,,1,1,4,ğŸ³ï¸â€ğŸŒˆTelegram Group Chat 21+ğŸ’•ğŸ˜Š #LGBT â™¥ï¸DM FOR LINKâ™¥ï¸,ItsTinyyBihh
2018-03-30 04:31:06+00:00,979576729671995392,https://twitter.com/ItsTinyyBihh,,,0,0,0,This game about to give me anxiety,ItsTinyyBihh
2018-03-30 03:56:37+00:00,979568052881805313,https://twitter.com/ItsTinyyBihh,,,6,0,4,My phone dryğŸ˜©ğŸ’•,ItsTinyyBihh
2018-03-29 12:40:24+00:00,979337479483543552,https://twitter.com/ItsTinyyBihh,,,0,0,0,ğŸ˜©ğŸ˜©ğŸ˜© https://t.co/8MT6WyDjRZ,ItsTinyyBihh
2018-03-28 15:23:15+00:00,979016071721168896,https://twitter.com/ItsTinyyBihh,,,0,1,0,@EyezDiscover Studs need to have a meeting ğŸ˜‚ğŸ˜‚ğŸ˜‚ğŸ’€ğŸ’€ğŸ’€,ItsTinyyBihh
2018-03-28 14:06:40+00:00,978996798474850305,https://twitter.com/ItsTinyyBihh,,,0,0,0,@justchain Just laying in bed watching this show wbu,ItsTinyyBihh
2018-03-28 13:54:39+00:00,978993776873099267,https://twitter.com/ItsTinyyBihh,,,0,1,0,Heyyy bihhh â€¼ï¸ğŸ’• https://t.co/EffMxfDfXJ,ItsTinyyBihh
2018-03-28 13:32:09+00:00,978988113035919360,https://twitter.com/ItsTinyyBihh,,,5,4,7,Ok so please stop ğŸ›‘ you studs doing to much 2018 ğŸ˜­ ğŸ’€i canâ€™t â€¼ï¸ where the fems at ğŸ˜‚ https://t.co/iztVBfOJmX,ItsTinyyBihh
2018-03-28 05:16:24+00:00,978863351987146758,https://twitter.com/ItsTinyyBihh,,,1,0,2,Who helping me get to 3K #LGBT #TeamFollowBack #TeamLesbian #LoveIsLove â™¥ï¸ğŸ’•ğŸ³ï¸â€ğŸŒˆâ€¼ï¸,ItsTinyyBihh
2018-03-28 05:14:13+00:00,978862802868850694,https://twitter.com/ItsTinyyBihh,,,2,0,2,ğŸ³ï¸â€ğŸŒˆğŸ³ï¸â€ğŸŒˆ Issa Lit Chat 21+ #Retweet #Like &amp; #Dm ğŸ³ï¸â€ğŸŒˆğŸ³ï¸â€ğŸŒˆ #LGBT,ItsTinyyBihh
2018-03-28 05:13:09+00:00,978862536916439044,https://twitter.com/ItsTinyyBihh,,,0,0,1,Hi new followers â™¥ï¸ğŸ˜â€¼ï¸,ItsTinyyBihh
2018-03-27 18:28:01+00:00,978700184032030720,https://twitter.com/ItsTinyyBihh,,,1,0,3,ğŸ³ï¸â€ğŸŒˆğŸ³ï¸â€ğŸŒˆ21+ Group Chat ğŸ—£ğŸ˜Come joinâ€¼ï¸ #DM,ItsTinyyBihh
2018-03-27 16:23:02+00:00,978668730120011776,https://twitter.com/ItsTinyyBihh,,,2,0,1,Waking  up horny plus rain,ItsTinyyBihh
2018-03-23 13:23:44+00:00,977174057522225152,https://twitter.com/ItsTinyyBihh,,,0,1,1,@BtepJunior Morning to you ğŸ˜Œ have a wonderful day #StayPositive,ItsTinyyBihh
2018-03-23 13:06:36+00:00,977169744255123457,https://twitter.com/ItsTinyyBihh,,,2,2,6,"ğŸŒ¸ğŸŒGood Morning Beautiful PeopleğŸ’•â€¼ï¸
ğŸ¤—Wake up every ğŸŒmorning with the ğŸ’­thought that something wonderful is about to happen.â™¥ï¸ #StayPositive #DontBeRude",ItsTinyyBihh
2018-03-22 16:52:11+00:00,976864126306832387,https://twitter.com/ItsTinyyBihh,,,0,1,0,@__briiii___ Im about to dm you the link,ItsTinyyBihh
2018-03-22 16:32:26+00:00,976859156979298306,https://twitter.com/ItsTinyyBihh,,,2,1,1,Who got the telegram app and want to join a group chat ğŸŒˆğŸ³ï¸â€ğŸŒˆ #LGBTONLY 21+,ItsTinyyBihh
2018-03-22 00:04:12+00:00,976610457330077696,https://twitter.com/ItsTinyyBihh,,,1,0,1,Who trying to join ğŸŒ¸ https://t.co/i5fHsWBzPS,ItsTinyyBihh
2018-03-21 13:18:51+00:00,976448049496166408,https://twitter.com/ItsTinyyBihh,,,1,0,1,ğŸ³ï¸â€ğŸŒˆğŸ’•21+ #LGBT Group Chat on #Telegram ğŸ³ï¸â€ğŸŒˆğŸ³ï¸â€ğŸŒˆ #Like Retweet #Comment TO JOIN,ItsTinyyBihh
2018-03-21 12:07:50+00:00,976430179617779715,https://twitter.com/ItsTinyyBihh,,,4,0,7,"ğŸŒ¸ğŸŒ»Good MorningğŸŒ¸ğŸŒ» Positive mind, positive vibes, positive lifeâ€¼ï¸ #StayPositive ğŸ˜˜",ItsTinyyBihh
2018-03-21 02:55:08+00:00,976291088578183169,https://twitter.com/ItsTinyyBihh,,,0,0,0,His first time using snap chat #BuzzVideo https://t.co/tKHxjPO0xC,ItsTinyyBihh
2018-03-20 16:53:19+00:00,976139635809189889,https://twitter.com/ItsTinyyBihh,,,0,0,1,@_jenai_mason_ Lmao ğŸ˜‚ğŸ˜© mines was a horrible liar like bihh let me not get in no trouble Iâ€™m going down ğŸ˜©ğŸ˜©,ItsTinyyBihh
2018-03-20 16:31:01+00:00,976134024832978944,https://twitter.com/ItsTinyyBihh,,,0,6,2,âœğŸ½ğŸ¤” https://t.co/KG6wFIzdsv,ItsTinyyBihh
2018-03-20 05:09:33+00:00,975962526818152448,https://twitter.com/ItsTinyyBihh,,,0,0,2,Itâ€™s too many babies dying ğŸ¤¦ğŸ½â€â™€ï¸ğŸ˜£ğŸ˜” like if you want them itâ€™s def somebody that would love to have them ğŸ™„then after that keep your legs closedğŸ¤¬,ItsTinyyBihh
2018-03-19 17:51:55+00:00,975791992981647362,https://twitter.com/ItsTinyyBihh,,,0,0,3,I just trying to start this new chapter but canâ€™t until certain people are gone from my life for good ğŸ¤¦ğŸ½â€â™€ï¸ğŸ™„,ItsTinyyBihh
2018-03-19 14:31:36+00:00,975741582031941632,https://twitter.com/ItsTinyyBihh,,,0,0,0,Right â€¼ï¸â€¼ï¸â€¼ï¸ https://t.co/3auRNzlLDI,ItsTinyyBihh
2018-03-15 17:18:39+00:00,974334070414077952,https://twitter.com/ItsTinyyBihh,,,1,0,1,Done ğŸŒ¸ https://t.co/rL0bpvhQAb,ItsTinyyBihh
2018-03-14 17:49:34+00:00,973979463162703877,https://twitter.com/ItsTinyyBihh,,,0,0,2,ğŸŒˆğŸŒˆGroup Chat 21+ To Join on Telegram ğŸŒˆğŸŒª #Like It interested #Retweet,ItsTinyyBihh
2018-03-14 15:58:36+00:00,973951539420200960,https://twitter.com/ItsTinyyBihh,,,0,0,0,Puerto Ricans ğŸ‡µğŸ‡·ğŸ˜â€¼ï¸ğŸ’• where you at ??? #PuertoRicans https://t.co/olxnVifIax,ItsTinyyBihh
2018-03-14 15:56:40+00:00,973951051954053121,https://twitter.com/ItsTinyyBihh,,,0,0,2,#NewProfilePic https://t.co/s4FewQz1pn,ItsTinyyBihh
2018-03-12 16:17:26+00:00,973231501730033664,https://twitter.com/ItsTinyyBihh,,,0,0,1,@idomakeupppp ğŸ˜‚ğŸ˜‚ğŸ˜‚ i thought it was a black light skin girl im like ok then seen her like girl you been practice all your life stop ğŸ¤¦ğŸ½â€â™€ï¸ğŸ’€ğŸ˜‚,ItsTinyyBihh
2018-03-12 15:58:11+00:00,973226657749364736,https://twitter.com/ItsTinyyBihh,,,1,1,1,@idomakeupppp Itâ€™s in her blood ğŸ˜‚ğŸ˜© jk but not jk,ItsTinyyBihh
2018-03-12 12:31:12+00:00,973174566867619840,https://twitter.com/ItsTinyyBihh,,,0,0,0,When you wake up from a crazy dream and canâ€™t go back to sleep https://t.co/iNmG4eVg4S,ItsTinyyBihh
2018-03-11 22:25:36+00:00,972961767944065026,https://twitter.com/ItsTinyyBihh,,,0,1,0,@chocolategoddd  https://t.co/lbBpSdX4l4,ItsTinyyBihh
2018-03-11 22:21:52+00:00,972960825270030342,https://twitter.com/ItsTinyyBihh,,,1,0,1,@daddyylex Tbh thatâ€™s lame asf,ItsTinyyBihh
2018-03-11 22:20:38+00:00,972960517458399232,https://twitter.com/ItsTinyyBihh,,,0,1,0,@chocolategoddd Too much filter youâ€™re a catfish ğŸ˜‚ğŸ˜‚ğŸ˜‚ğŸ˜‚,ItsTinyyBihh
2018-03-11 22:20:19+00:00,972960435736637441,https://twitter.com/ItsTinyyBihh,,,0,0,1,Clean house now i have to wash this head of mines and debate about this job,ItsTinyyBihh
2018-03-11 22:19:05+00:00,972960128399020033,https://twitter.com/ItsTinyyBihh,,,0,1,0,Issa catfish https://t.co/t9WctGjmhc,ItsTinyyBihh
2018-03-10 21:17:33+00:00,972582251534970883,https://twitter.com/ItsTinyyBihh,,,0,0,0,Omg yesss love it ... https://t.co/LgQxJOspck,ItsTinyyBihh
2018-03-10 20:48:19+00:00,972574895346470912,https://twitter.com/ItsTinyyBihh,,,0,0,0,This #JessicaJones show pretty decent i been tuned in while i do this job applications ğŸ˜ŠğŸ˜‹,ItsTinyyBihh
2018-03-10 19:28:02+00:00,972554691094761477,https://twitter.com/ItsTinyyBihh,,,0,0,1,"Chill and relax day 
Nothing but job applications and movies today",ItsTinyyBihh
2018-03-08 21:41:54+00:00,971863604076085249,https://twitter.com/ItsTinyyBihh,,,0,0,0,#CLAPBACK #donteriohundon #BuzzVideo https://t.co/A7u58Bl0gw,ItsTinyyBihh
2018-03-08 21:15:34+00:00,971856979814645760,https://twitter.com/ItsTinyyBihh,,,0,0,0,Cardi B gottem out here fooln #BuzzVideo https://t.co/s1J1b9CmQP,ItsTinyyBihh
2018-03-08 21:09:49+00:00,971855530418372614,https://twitter.com/ItsTinyyBihh,,,0,0,0,When your side chick adjust your baby's mother seat - Eastside Ivo #BuzzVideo https://t.co/aWv0lRWPsH,ItsTinyyBihh
2018-03-08 21:00:56+00:00,971853294191685634,https://twitter.com/ItsTinyyBihh,,,0,0,0,I am not f***ing drunk! #BuzzVideo https://t.co/PDuFR6m3Wn,ItsTinyyBihh
2018-03-08 21:00:07+00:00,971853088427528192,https://twitter.com/ItsTinyyBihh,,,0,0,0,ğŸ˜‚ğŸ˜‚ğŸ˜‚ğŸ˜‚ The Remy Brought Him To Reality ğŸ¤¦ğŸ½â€â™€ï¸ #BuzzVideo https://t.co/peRRHd4xV0,ItsTinyyBihh
2018-03-08 20:40:24+00:00,971848128742809601,https://twitter.com/ItsTinyyBihh,,,0,0,0,About to be for the next week or so https://t.co/uf0UELyIWC,ItsTinyyBihh
2018-03-08 19:29:05+00:00,971830182288949249,https://twitter.com/ItsTinyyBihh,,,0,0,0,Whatâ€™s so good about it https://t.co/dzdN4bI1Lj,ItsTinyyBihh
2018-03-08 18:50:50+00:00,971820553391788033,https://twitter.com/ItsTinyyBihh,,,0,0,1,Stomach on 10ğŸ˜­ğŸ˜­ i canâ€™t wait to pick up baby girl â¤ï¸ğŸ’•â€¼ï¸,ItsTinyyBihh
2018-03-04 17:28:34+00:00,970350299323011072,https://twitter.com/ItsTinyyBihh,,,0,0,0,#Watching Little Evil,ItsTinyyBihh
2018-03-04 17:27:44+00:00,970350092057182214,https://twitter.com/ItsTinyyBihh,,,0,0,0,No itâ€™s not ğŸ¤¨ğŸ¤¨ğŸ¤¨ https://t.co/NLJAOSezzS,ItsTinyyBihh
2018-03-04 17:23:59+00:00,970349145184784384,https://twitter.com/ItsTinyyBihh,,,0,0,0,This not true ğŸ˜‚ğŸ¤¦ğŸ½â€â™€ï¸â€¼ï¸ https://t.co/VZjykroHvD,ItsTinyyBihh
2018-03-03 21:06:11+00:00,970042676170117120,https://twitter.com/ItsTinyyBihh,,,0,0,0,Am i the only one who get annoyed when people run their feet on mines or my legğŸ¤¦ğŸ½â€â™€ï¸ğŸ¤¨ğŸ¤”,ItsTinyyBihh
2018-03-03 19:42:21+00:00,970021581320835072,https://twitter.com/ItsTinyyBihh,,,0,0,1,Who trying to help me reach 5k ğŸ‘€ğŸ˜ŠğŸ˜â€¼ï¸ me love you long time,ItsTinyyBihh
2018-03-02 17:48:24+00:00,969630516378066944,https://twitter.com/ItsTinyyBihh,,,1,0,3,â€œHey are you interested in making moneyâ€ ğŸ¤¦ğŸ½â€â™€ï¸ğŸ™„ğŸ™„ please stay out my dms ğŸ’†ğŸ½,ItsTinyyBihh
2018-03-02 02:32:44+00:00,969400078766104576,https://twitter.com/ItsTinyyBihh,,,0,0,1,@Laycey_ @JayyThaShordy Right,ItsTinyyBihh
2018-03-01 20:49:15+00:00,969313638820515840,https://twitter.com/ItsTinyyBihh,,,0,0,1,@Aaron_Elb14 @foreignhustlee How did he stick his shoes behind him if he crawled in itâ€™s a tight fit his arms canâ€™t move,ItsTinyyBihh
2018-03-01 18:44:49+00:00,969282326600605696,https://twitter.com/ItsTinyyBihh,,,0,0,0,Man my stomach on 10 ğŸ¤¦ğŸ½â€â™€ï¸ğŸ˜­ğŸ˜©,ItsTinyyBihh
2018-03-01 18:42:32+00:00,969281749854375936,https://twitter.com/ItsTinyyBihh,,,0,0,1,Exactly im not trying to read no books https://t.co/sHkM2DP5lq,ItsTinyyBihh
2018-03-01 18:40:57+00:00,969281353857536006,https://twitter.com/ItsTinyyBihh,,,0,0,0,Good afternoon world ğŸ’•â¤ï¸â€¼ï¸,ItsTinyyBihh
2018-03-01 17:34:13+00:00,969264560141152256,https://twitter.com/ItsTinyyBihh,,,1,0,0,Bruhhh my stomach is all fucked up,ItsTinyyBihh
2018-03-01 01:09:19+00:00,969016701261107200,https://twitter.com/ItsTinyyBihh,,,0,0,0,@YkJasmine1 No,ItsTinyyBihh
